key,label,definition,foi,category_key,category_measure
video_rgb,RGB video,Visible-light video of the subject,subject,video_camera,RGB video
ir_video,Infrared video,Infrared-illuminated video of the subject,subject,infrared_camera,IR video
egocentric_video,Egocentric video,First-person video of the subject's visual field,subject,video_camera,RGB video
body_position,Body position,Position of the subject's body in the scene,subject,video_camera,
pose_3d,3D pose,Three-dimensional whole-body pose and kinematics,subject,motion_capture,segment kinematics
marker_positions_3d,3D marker positions,Positions of reflective or active body markers,subject,motion_capture,3D marker positions
joint_angles,Joint angles,Angles between body segments,subject,motion_capture,joint angles
fine_motor_kinematics,Fine motor kinematics,"Sub-millimetre, millisecond-scale movement of hands or forelimbs",subject,video_camera,
body_movement,Body movement,Movement of the body without a specified sensing modality,subject,,
body_acceleration,Body acceleration,Linear acceleration of a body segment,subject,imu,Acceleration
angular_velocity,Angular velocity,Rotational velocity of a body segment,subject,imu,angular velocity
segment_orientation,Segment orientation,Orientation of a body segment in space,subject,imu,orientation
ground_reaction_force,Ground reaction force,Force exerted by the ground on the body,subject,,
facial_micromovement,Facial micromovement,Small involuntary facial movements,subject,video_camera,
gaze_position,Gaze position,Where the subject is looking,subject,eye_tracker,Gaze position
pupil_diameter,Pupil diameter,Pupil size over time,subject,eye_tracker,pupil diameter
fixations,Fixations,Periods of stable gaze,subject,eye_tracker,fixations
respiratory_effort,Respiratory effort,Chest or abdominal movement from breathing,subject,respiration,Respiration rate
respiratory_airflow,Respiratory airflow,Nasal airflow or breathing rhythm,subject,respiration,airflow
respiration_rate,Respiration rate,Breaths per unit time,subject,respiration,Respiration rate
skin_conductance,Skin conductance,Electrodermal activity,subject,eda,Skin conductance level
skin_temperature,Skin temperature,Temperature at the skin surface,subject,temperature,skin temperature
core_body_temperature,Core body temperature,Internal body temperature,subject,temperature,Core temperature
heart_rate,Heart rate,Beats per unit time,subject,ecg_hr,heart rate
heart_rate_variability,Heart rate variability,Beat-to-beat variation in heart period,subject,ecg_hr,HRV
ecg_waveform,ECG waveform,Electrical activity of the heart,subject,ecg_hr,ECG waveform
ppg_bvp,Blood volume pulse,Photoplethysmographic blood volume pulse,subject,ppg,BVP
emg_activation,Muscle activation,Surface or intramuscular electromyography,subject,emg,Muscle activation
energy_expenditure,Energy expenditure,Metabolic energy expenditure from gas exchange,subject,metabolic,energy expenditure
eeg_voltage,EEG voltage,Scalp electroencephalography,subject,eeg,EEG voltage
ieeg_voltage,Intracranial EEG voltage,Intracranial EEG or ECoG,subject,ieeg,ECoG
lfp,Local field potential,Extracellular local field potential,subject,ephys_probe,LFP
single_unit_spikes,Single-unit spiking,Action potentials of isolated neurons,subject,ephys_probe,Spikes
meg_field,MEG magnetic field,Magnetic field generated by neural currents,subject,meg_opm,Magnetic field
fnirs_hemodynamics,fNIRS haemodynamics,Cortical oxy- and deoxy-haemoglobin from near-infrared spectroscopy,subject,neural_imaging,
optical_neural_activity,Optical neural activity,Neural activity read out by optical indicators,subject,neural_imaging,bioluminescence
glucose,Glucose concentration,Glucose in a biofluid,subject,biofluid,biomarker concentration
cortisol,Cortisol concentration,Cortisol in a biofluid,subject,biofluid,Cortisol
melatonin,Melatonin concentration,Melatonin in a biofluid,subject,biofluid,biomarker concentration
epinephrine,Epinephrine concentration,Epinephrine in a biofluid,subject,biofluid,biomarker concentration
acoustic_audio,Audio,Audible-range sound,subject,microphone,Audio waveform
ultrasonic_audio,Ultrasonic audio,Sound above the human hearing range including ultrasonic vocalizations,subject,ultrasonic_microphone,Ultrasonic audio
sound_source_location,Sound source location,Direction of arrival or position of a sound source,subject,microphone,
geolocation,Geolocation,Position on the Earth's surface,subject,gps,Latitude/longitude
range_distance,Range,Distance between the subject and a reference point,subject,gps,
individual_identity,Individual identity,Which individual is present at a reader,subject,rfid,Individual ID
operant_response,Operant response,Responses on a cognitive or operant task,subject,behavioral_apparatus,responses
prey_capture_events,Prey capture,Prey-capture behaviour events,subject,behavioral_apparatus,
water_flow,Water flow,Flow of water in the environment around the subject,environment,,
self_report,Self-report,Answers to surveys or ecological momentary assessment,subject,survey_task,Item responses
memory_task_performance,Memory task performance,Performance on a memory task,subject,survey_task,reaction times
smartphone_usage,Smartphone usage,App and keyboard usage logged on a phone,subject,,
