key,property_kind,label,definition,foi_kind,category_key,category_measure
video_rgb,observable,RGB video,Visible-light video of the subject,subject,video_camera,RGB video
ir_video,observable,Infrared video,Infrared-illuminated video of the subject,subject,infrared_camera,IR video
egocentric_video,observable,Egocentric video,First-person video of the subject's visual field,subject,video_camera,RGB video
body_position,observable,Body position,Position of the subject's body in the scene,subject,video_camera,
pose_3d,observable,3D pose,Three-dimensional whole-body pose and kinematics,subject,motion_capture,segment kinematics
marker_positions_3d,observable,3D marker positions,Positions of reflective or active body markers,subject,motion_capture,3D marker positions
joint_angles,observable,Joint angles,Angles between body segments,subject,motion_capture,joint angles
fine_motor_kinematics,observable,Fine motor kinematics,"Sub-millimetre, millisecond-scale movement of hands or forelimbs",subject,video_camera,
body_movement,observable,Body movement,Movement of the body without a specified sensing modality,subject,,
body_acceleration,observable,Body acceleration,Linear acceleration of a body segment,subject,imu,Acceleration
angular_velocity,observable,Angular velocity,Rotational velocity of a body segment,subject,imu,angular velocity
segment_orientation,observable,Segment orientation,Orientation of a body segment in space,subject,imu,orientation
ground_reaction_force,observable,Ground reaction force,Force exerted by the ground on the body,subject,,
facial_micromovement,observable,Facial micromovement,Small involuntary facial movements,subject,video_camera,
gaze_position,observable,Gaze position,Where the subject is looking,subject,eye_tracker,Gaze position
pupil_diameter,observable,Pupil diameter,Pupil size over time,subject,eye_tracker,pupil diameter
fixations,observable,Fixations,Periods of stable gaze,subject,eye_tracker,fixations
respiratory_effort,observable,Respiratory effort,Chest or abdominal movement from breathing,subject,respiration,Respiration rate
respiratory_airflow,observable,Respiratory airflow,Nasal airflow or breathing rhythm,subject,respiration,airflow
respiration_rate,observable,Respiration rate,Breaths per unit time,subject,respiration,Respiration rate
skin_conductance,observable,Skin conductance,Electrodermal activity,subject,eda,Skin conductance level
skin_temperature,observable,Skin temperature,Temperature at the skin surface,subject,temperature,skin temperature
core_body_temperature,observable,Core body temperature,Internal body temperature,subject,temperature,Core temperature
heart_rate,observable,Heart rate,Beats per unit time,subject,ecg_hr,heart rate
heart_rate_variability,observable,Heart rate variability,Beat-to-beat variation in heart period,subject,ecg_hr,HRV
ecg_waveform,observable,ECG waveform,Electrical activity of the heart,subject,ecg_hr,ECG waveform
ppg_bvp,observable,Blood volume pulse,Photoplethysmographic blood volume pulse,subject,ppg,BVP
emg_activation,observable,Muscle activation,Surface or intramuscular electromyography,subject,emg,Muscle activation
energy_expenditure,observable,Energy expenditure,Metabolic energy expenditure from gas exchange,subject,metabolic,energy expenditure
eeg_voltage,observable,EEG voltage,Scalp electroencephalography,subject,eeg,EEG voltage
ieeg_voltage,observable,Intracranial EEG voltage,Intracranial EEG or ECoG,subject,ieeg,ECoG
lfp,observable,Local field potential,Extracellular local field potential,subject,ephys_probe,LFP
single_unit_spikes,observable,Single-unit spiking,Action potentials of isolated neurons,subject,ephys_probe,Spikes
meg_field,observable,MEG magnetic field,Magnetic field generated by neural currents,subject,meg_opm,Magnetic field
fnirs_hemodynamics,observable,fNIRS haemodynamics,Cortical oxy- and deoxy-haemoglobin from near-infrared spectroscopy,subject,neural_imaging,
optical_neural_activity,observable,Optical neural activity,Neural activity read out by optical indicators,subject,neural_imaging,bioluminescence
glucose,observable,Glucose concentration,Glucose in a biofluid,subject,biofluid,biomarker concentration
cortisol,observable,Cortisol concentration,Cortisol in a biofluid,subject,biofluid,Cortisol
melatonin,observable,Melatonin concentration,Melatonin in a biofluid,subject,biofluid,biomarker concentration
epinephrine,observable,Epinephrine concentration,Epinephrine in a biofluid,subject,biofluid,biomarker concentration
acoustic_audio,observable,Audio,Audible-range sound,subject,microphone,Audio waveform
ultrasonic_audio,observable,Ultrasonic audio,Sound above the human hearing range including ultrasonic vocalizations,subject,ultrasonic_microphone,Ultrasonic audio
sound_source_location,observable,Sound source location,Direction of arrival or position of a sound source,subject,microphone,
geolocation,observable,Geolocation,Position on the Earth's surface,subject,gps,Latitude/longitude
range_distance,observable,Range,Distance between the subject and a reference point,subject,gps,
individual_identity,observable,Individual identity,Which individual is present at a reader,subject,rfid,Individual ID
operant_response,observable,Operant response,Responses on a cognitive or operant task,subject,behavioral_apparatus,responses
prey_capture_events,observable,Prey capture,Prey-capture behaviour events,subject,behavioral_apparatus,
water_flow,observable,Water flow,Flow of water in the environment around the subject,environment,,
self_report,observable,Self-report,Answers to surveys or ecological momentary assessment,subject,survey_task,Item responses
memory_task_performance,observable,Memory task performance,Performance on a memory task,subject,survey_task,reaction times
smartphone_usage,observable,Smartphone usage,App and keyboard usage logged on a phone,subject,,
responsive_stimulation,actuatable,Responsive neurostimulation,Electrical stimulation delivered when a neural pattern is detected,,,
