source_locator,label_as_named,award_label,grant_number,grant_match,grant_note,presenter_role,presenter_present,verify_note,device_models,manufacturer_recorded,manufacturer_hq_recorded,model_recorded,model_status,system_kind,observes,actuates,measures_recorded
A01,OBSBOT 3-D cameras,Mount Sinai,R34DA059716,pi_roster,,PI (Jack Grinband) with a lab member,yes,,OBSBOT cameras,OBSBOT,"Shenzhen, China",Tiny 2 AI PTZ 4K,compiled,sensor,video_rgb;body_position,,"AI-tracked video, body position"
A02,Eye tracking (Tobii / Pupil),Mount Sinai,R34DA059716,pi_roster,,PI (Jack Grinband),yes,Deck names both Tobii and Pupil; record compiles Tobii only,Tobii Pro,Tobii AB,"Danderyd, Sweden","Tobii Pro Spectrum, to 1200 Hz",compiled,sensor,gaze_position;pupil_diameter,,"Gaze, pupil, eye position"
A03,Plethysmograph + EDA,Mount Sinai,R34DA059716,pi_roster,,PI (Jack Grinband),yes,Exact model not in record,BIOPAC;Shimmer3 GSR+,BIOPAC; Shimmer,Goleta CA; Dublin,SS5LB + EDA100C; Shimmer3 GSR+,candidates,sensor,respiratory_effort;skin_conductance,,"Respiratory effort, skin conductance"
A04,Synchronized cameras (Basler / FLIR),Duke/Dunn,R34DA059506,ambiguous,Dunn leads R34DA059506 and R34DA059512; the separate 'Duke 059512' row suggests this one is 059506,Dunn-lab member,yes,Presenter name in notes needs verifying,Basler cameras;FLIR / Teledyne cameras,Basler AG; Teledyne FLIR,Ahrensburg; Wilsonville OR,ace 2; Blackfly S,compiled,sensor,video_rgb,,Synchronized multi-view video
A05,3D pose cameras + St3DIO,Duke 059512,R34DA059512,stated,,"PhD student, Dunn lab",yes,,,Custom / in-house,,,custom,sensor,pose_3d,,3D whole-body kinematics
A06,GoPro HERO10,Michigan,R34DA061925,institution,,"Grad student, Michigan",yes,Presenter identity needs verifying,GoPro HERO10,GoPro Inc.,San Mateo CA,HERO10 Black,compiled,sensor,video_rgb,,Field video
A07,Wildlife Acoustics PAM,Michigan,R34DA061925,institution,,"Grad student, Michigan",yes,,Wildlife Acoustics recorders,Wildlife Acoustics,Maynard MA,Song Meter SM4,compiled,sensor,acoustic_audio;ultrasonic_audio,,Passive bioacoustic/ultrasonic audio
A08,Caracal recorder,Michigan,R34DA061925,institution,,"Grad student, Michigan",yes,No Device node in the KG yet,,Oxford WildCRU (open hardware),UK,CARACAL,compiled,sensor,acoustic_audio;sound_source_location,,Multi-mic acoustic localization
A09,Microphone array UMA-16,Michigan,R34DA061925,institution,,"Grad student, Michigan (noted direction-of-arrival)",yes,,miniDSP UMA-16,miniDSP Ltd.,Hong Kong,UMA-16 v2,compiled,sensor,sound_source_location;acoustic_audio,,"Beamforming, source localization"
A10,GPS (Garmin),Michigan,R34DA061925,institution,,"Grad student, Michigan",yes,,Garmin GPS,Garmin Ltd.,Olathe KS,Alpha 300i + TT 25/T 20,compiled,sensor,geolocation;range_distance,,"Location, ranging"
A11,GPS (Garmin),Rice,R34DA059514,pi_roster,,PI (Caleb Kemere),yes,,Garmin GPS,Garmin Ltd.,Olathe KS,Alpha 300i + TT 25/T 20,compiled,sensor,geolocation;range_distance,,"Location, ranging"
A12,Touchscreen (Med Associates),Michigan,R34DA061925,institution,,"Grad student, Michigan (deployed in the wild)",yes,,Med Associates touchscreens,Med Associates,Fairfax VT,MedTouch Screens,compiled,sensor,operant_response,,Cognitive/operant responses
A13,First-person cameras (EweGo),Rice,R34DA059514,pi_roster,,"PI (Caleb Kemere), demoed live",yes,"IMU on board is likely, not confirmed",,Custom / in-house,,Stereo cams + mics + GPS + likely IMU,custom,platform,egocentric_video;acoustic_audio;geolocation;body_acceleration,,"Egocentric video, visual sensorium"
A14,"Wireless implant (EEG, single-unit)",Rice,R34DA059514,pi_roster,,PI (Caleb Kemere),yes,Manufacturer not in record,,,,,unspecified,sensor,lfp;single_unit_spikes,,"Cortical/hippocampal LFP, single-unit"
A15,Multi-view cameras (White Matter e3),Georgia Tech,R34DA059510,ambiguous,"Two BBQS grants at Georgia Tech (R34DA059510, R61MH138966); listed beside the PIT tags, so the fish-tracking grant",,no,No presenter; nothing verbally confirmed,White Matter e3 / eCube,White Matter LLC,Seattle WA,e3Vision; eCube 32-640 ch,compiled,sensor,video_rgb;lfp;single_unit_spikes,,Synchronized video + ephys
A16,Multi-view cameras (White Matter e3),NYU/Sanes,R34DA059513,ambiguous,Sanes leads R34DA059513 and U01DA063581,Sanes-lab member,yes,,White Matter e3 / eCube,White Matter LLC,Seattle WA,e3Vision; eCube 32-640 ch,compiled,sensor,video_rgb;lfp;single_unit_spikes,,Synchronized video + ephys
A17,Biomark PIT tags,Georgia Tech,R34DA059510,ambiguous,Two BBQS grants at Georgia Tech; PIT tags fit the fish-tracking grant,,no,No presenter; nothing verbally confirmed,Biomark PIT tags,Biomark Inc.,Boise ID,"APT12, 12 mm ISO FDX-B",compiled,sensor,individual_identity,,RFID individual ID
A18,Head-mounted accelerometers,Florida,R34DA059718,institution,,"Undergraduate, Florida",yes,Manufacturer not in record,,,,,unspecified,sensor,body_acceleration,,Body movement
A19,Respiration sensor (nasal cannula),Florida,R34DA059718,institution,,"Undergraduate, Florida",yes,Rodent model inferred,,Braebon; GLNT,Kanata ON; Cleveland OH,Braebon thermistor; GLNT piezo belt,inferred,sensor,respiratory_airflow,,Breathing rhythm
A20,Ultrasonic mics (Avisoft),NYU/Sanes,R34DA059513,ambiguous,Sanes leads R34DA059513 and U01DA063581,Sanes-lab member,yes,,Avisoft ultrasonic microphones,Avisoft Bioacoustics,Glienicke,UltraSoundGate 416H + CM16/CMPA,compiled,sensor,ultrasonic_audio,,Ultrasonic vocalizations to ~250 kHz
A21,Ultrasonic mics (Avisoft),CMU,R34DA059509,institution,,,no,No presenter; nothing verbally confirmed,Avisoft ultrasonic microphones,Avisoft Bioacoustics,Glienicke,UltraSoundGate 416H + CM16/CMPA,compiled,sensor,ultrasonic_audio,,Ultrasonic vocalizations to ~250 kHz
A22,Infrared cameras (Bonsai),NYU/Sanes,R34DA059513,ambiguous,Sanes leads R34DA059513 and U01DA063581,Sanes-lab member,yes,Camera manufacturer not in record; Bonsai is acquisition software,,,,,unspecified,sensor,ir_video,,"Video, two connected arenas"
A23,Aviary cameras + mic arrays,UPenn,R34DA059507,pi_roster,,Schmidt-group member (no slides),yes,Manufacturer not in record,,,,,unspecified,platform,pose_3d;sound_source_location,,"3D pose, vocalization source"
A24,Bioluminescent indicators,NYU/Schoppik,R34DA059500,pi_roster,,,no,No presenter; nothing verbally confirmed,,Custom / in-house,,,custom,sensor,optical_neural_activity,,Non-invasive neural activity
A25,High-speed video (RoboCam),Northwestern,R34DA059723,pi_roster,,Shepherd-lab member,yes,,,Custom / in-house,,"Robot-positioned, high-FPS",custom,sensor,fine_motor_kinematics;video_rgb,,"Sub-mm, ms-scale food handling"
A26,Intranasal thermistor,Northwestern,R34DA059723,pi_roster,,Shepherd-lab member,yes,Model inferred,,Braebon (or custom),Kanata ON,Braebon airflow sensor,inferred,sensor,respiratory_airflow,,Breathing
A27,Prey-tracking + water-flow apparatus,Harvard,R34DA061984,institution,,,no,No presenter; nothing verbally confirmed,,Custom / in-house,,,custom,platform,prey_capture_events;water_flow,,"Prey capture, environmental flow"
A28,Core-body temp sensor,Berkeley,R34DA062119,pi_roster,,Wilbrecht-lab member,yes,Manufacturer not in record,,,,,unspecified,sensor,core_body_temperature,,Core body temperature
A29,Neuropixels,CMU,R34DA059509,institution,,,no,No presenter; nothing verbally confirmed,Neuropixels,imec,"Leuven, Belgium",Neuropixels 2.0 (Steinmetz 2021),compiled,sensor,single_unit_spikes;lfp,,High-density single-unit + LFP
A30,Accelerometers + intracranial ephys,Michigan State,R34DA061924,pi_roster,,Zhang/Frohlich-lab member,yes,Manufacturer not in record,,,,,unspecified,platform,body_acceleration;lfp,,"Body movement, neural recording"
A31,iEEG + single-unit; biofluid sensing,Pittsburgh,,unresolved,No grant in the roster lists a Pittsburgh lead; R61MH138967 is a candidate by title,PI (Avniel Ghuman),yes,Award number needs confirming,,,,,unspecified,platform,ieeg_voltage;single_unit_spikes;glucose;cortisol;melatonin,,"iEEG/LFP, spiking, glucose/cortisol/melatonin"
A32,Social Interaction Suite,Yale,R61MH138705,pi_roster,,"PI (Joy Hirsch), only PI in attendance",yes,,,Integrated in-house,,No single commercial model,custom,platform,fnirs_hemodynamics;eeg_voltage;gaze_position;pupil_diameter;heart_rate;skin_conductance,,"fNIRS, EEG, gaze, pupillometry, HR, SC"
A33,Chest-mounted video + Capture App,Utah,R61MH135109,pi_roster,,PI (Cory Inman); postdoc demoed live,yes,,,Custom / in-house,,,custom,sensor,egocentric_video;body_movement,,"Egocentric video, movement"
A34,EmotiBit,Utah,R61MH135109,pi_roster,,PI (Cory Inman),yes,Record names OpenBCI as vendor; the KG's manufacturer is Connected Future Labs,EmotiBit,EmotiBit via OpenBCI,New York,EmotiBit / MD,compiled,platform,ppg_bvp;skin_conductance;body_acceleration;angular_velocity;skin_temperature,,"PPG, EDA, 9-axis IMU, skin temp"
A35,Pupil Labs glasses,Utah,R61MH135109,pi_roster,,PI (Cory Inman),yes,,Pupil Labs eye trackers,Pupil Labs GmbH,Berlin,Pupil Core; Neon,compiled,sensor,gaze_position;pupil_diameter;fixations,,"Gaze, pupil, fixations"
A36,Pupil Labs glasses,Duke,R61MH135106,pi_roster,Suthana's award is listed at UCLA in the NIH record; the lab presented as Duke,"Postdoc, Suthana lab",yes,,Pupil Labs eye trackers,Pupil Labs GmbH,Berlin,Pupil Core; Neon,compiled,sensor,gaze_position;pupil_diameter;fixations,,"Gaze, pupil, fixations"
A37,Pupil Labs glasses,UCLA,R61MH138713,pi_roster,,PI (Agatha Lenartowicz),yes,,Pupil Labs eye trackers,Pupil Labs GmbH,Berlin,Pupil Core; Neon,compiled,sensor,gaze_position;pupil_diameter;fixations,,"Gaze, pupil, fixations"
A38,NeuroPace RNS,Utah,R61MH135109,pi_roster,,PI (Cory Inman),yes,,NeuroPace RNS System,NeuroPace Inc.,Mountain View CA,RNS-320,compiled,sensor_actuator,ieeg_voltage,responsive_stimulation,Chronic iEEG + responsive stimulation
A39,NeuroPace RNS,Duke,R61MH135106,pi_roster,Suthana's award is listed at UCLA in the NIH record; the lab presented as Duke,"Postdoc, Suthana lab",yes,,NeuroPace RNS System,NeuroPace Inc.,Mountain View CA,RNS-320,compiled,sensor_actuator,ieeg_voltage,responsive_stimulation,Chronic iEEG + responsive stimulation
A40,LiDAR / mmWave radar / IMU,UCLA,R61MH138713,pi_roster,,"PI (Agatha Lenartowicz), privacy contribution",yes,Manufacturer not in record,,,,,unspecified,platform,body_movement;body_acceleration,,Movement without identifiable video
A41,EEG (mBrainTrain),UCLA,R61MH138713,pi_roster,,PI (Agatha Lenartowicz),yes,,mBrainTrain Smarting,mBrainTrain,Belgrade,"Smarting PRO X, 64-ch",compiled,sensor,eeg_voltage;body_acceleration,,Mobile EEG + 9D motion
A42,"PPG/ECG (MotionSense, ECGSense)",UCLA,R61MH138713,pi_roster,,PI (Agatha Lenartowicz),yes,Availability unverified,,MD2K Center (academic hardware),,"MotionSenseHRV, AutoSense",compiled,platform,heart_rate_variability;ecg_waveform;respiration_rate,,"HRV, ECG, respiration"
A43,GSR (Shimmer3 / iMotions),UCLA,R61MH138713,pi_roster,,PI (Agatha Lenartowicz),yes,,Shimmer3 GSR+,Shimmer; iMotions,Dublin; Copenhagen,Shimmer3 GSR+,compiled,sensor,skin_conductance,,Electrodermal activity
A44,Blurred video + mocap; ECoG; EMG,Stony Brook,R61MH138612,title,SeeMe (facial micromovements) is the Mofakham/Mikell project; no lead listed in the roster,Sima Mofakham with Chuck Mikell,yes,Award number needs confirming,,,,,unspecified,platform,facial_micromovement;ieeg_voltage;emg_activation,,"Facial micromovements, iEEG, EMG"
A45,Delsys Trigno EMG,Georgia Tech,R61MH138966,pi_roster,,Co-I for Rozell,yes,Co-I name in notes needs verifying,Delsys Trigno,Delsys Inc.,Natick MA,"Trigno Centro, to 128 ch",compiled,sensor,emg_activation;body_acceleration,,Wireless surface EMG + IMU
A46,64-ch mobile EEG (ANT Neuro),Georgia Tech,R61MH138966,pi_roster,,Co-I for Rozell,yes,,ANT Neuro eego,ANT Neuro,Hengelo NL,eego sports,compiled,sensor,eeg_voltage,,Mobile high-density EEG
A47,CAREN VR + mocap markers,Georgia Tech,R61MH138966,pi_roster,,Co-I for Rozell,yes,Calorimetry and pupillometry were named but are absent from the slide table,Motek CAREN;COSMED K5,Motek (D-Flow); Cosmed,,Georgia Tech core facility,compiled,platform,ground_reaction_force;joint_angles;energy_expenditure;marker_positions_3d,,"GRF, joint angles, energy expenditure"
A48,Custom skin-like wearable,USC,R61MH135407,pi_roster,,"Student, Shanechi lab",yes,Presenter name in notes needs verifying,,Custom / in-house,,First-of-its-kind flexible patch,custom,platform,heart_rate_variability;skin_conductance;cortisol,,"HRV + SC + cortisol, simultaneous"
A49,Natus XLTek EEG,USC,R61MH135407,pi_roster,,"Student, Shanechi lab",yes,,Natus XLTek,Natus Medical,Middleton WI,NeuroWorks + Xltek,compiled,sensor,ieeg_voltage;video_rgb,,Clinical long-term video-EEG
A50,Natus XLTek EEG,Columbia,R61MH135405,pi_roster,,PI (Joshua Jacobs),yes,,Natus XLTek,Natus Medical,Middleton WI,NeuroWorks + Xltek,compiled,sensor,ieeg_voltage;video_rgb,,Clinical long-term video-EEG
A51,OptiTrack,Duke,R61MH135106,pi_roster,Suthana's award is listed at UCLA in the NIH record; the lab presented as Duke,"Postdoc, Suthana lab",yes,Presenter name in notes needs verifying,OptiTrack,NaturalPoint (OptiTrack),Corvallis OR,Prime x 41 / x 260,compiled,sensor,marker_positions_3d,,Marker-based 3D motion capture
A52,Xsens,Duke,R61MH135106,pi_roster,Suthana's award is listed at UCLA in the NIH record; the lab presented as Duke,"Postdoc, Suthana lab",yes,,Xsens,Movella (formerly Xsens),Enschede NL,"MVN Awinda, 17 IMUs",compiled,platform,body_acceleration;angular_velocity;segment_orientation,,Full-body inertial capture
A53,Biopac,Duke,R61MH135106,pi_roster,Suthana's award is listed at UCLA in the NIH record; the lab presented as Duke,"Postdoc, Suthana lab",yes,,BIOPAC,BIOPAC Systems,Goleta CA,MP160 + AcqKnowledge,compiled,platform,ecg_waveform;skin_conductance;respiration_rate;emg_activation,,"ECG, EDA, respiration, EMG"
A54,"Custom smartwatch (cortisol, epinephrine)",Duke,R61MH135106,pi_roster,Suthana's award is listed at UCLA in the NIH record; the lab presented as Duke,"Postdoc, Suthana lab",yes,In development,,Custom / in-house,,,custom,sensor,cortisol;epinephrine,,Biochemical assay
A55,On-scalp OPM-MEG,Seattle/CHOP,R61MH135114,pi_roster,,PI (Tim Roberts),yes,Vendor not stated in record,,QuSpin; FieldLine; Cerca,Louisville CO; Boulder CO; Nottingham UK,QZFM Gen-3; HEDscan; Cerca,candidates,sensor,meg_field,,Wearable whole-head MEG
A56,Video to 1000 fps,Seattle/CHOP,R61MH135114,pi_roster,,"PI (Tim Roberts); 1 camera now, 2 expected",yes,Manufacturer not in record,,,,,unspecified,sensor,video_rgb;body_movement,,Movement kinematics
A57,Wearable (EmbracePlus),Columbia,R61MH135405,pi_roster,,"PI (Joshua Jacobs), flagged a real-time limitation",yes,,Empatica EmbracePlus,Empatica Inc.,Boston / Milan,EmbracePlus,compiled,platform,skin_conductance;ppg_bvp;body_acceleration;skin_temperature,,"EDA, PPG, IMU, skin temp"
A58,iPad EMA; smartphone phenotyping,Columbia,R61MH135405,pi_roster,,PI (Joshua Jacobs),yes,,,Apple; Android OEMs,,"Bedside iPad, ~90-120 min intervals",compiled,sensor,self_report;memory_task_performance;smartphone_usage,,"Anxiety surveys, memory task, app/keyboard usage"
A59,iPad EMA; smartphone phenotyping,Pittsburgh,,unresolved,No grant in the roster lists a Pittsburgh lead; R61MH138967 is a candidate by title,Mentioned by Joshua Jacobs,no,Not presented by Pittsburgh; award number needs confirming,,Apple; Android OEMs,,,compiled,sensor,self_report;memory_task_performance;smartphone_usage,,"Anxiety surveys, memory task, app/keyboard usage"
A60,iPad EMA; smartphone phenotyping,USC,R61MH135407,pi_roster,,Mentioned by Joshua Jacobs,no,Not presented by USC,,Apple; Android OEMs,,,compiled,sensor,self_report;memory_task_performance;smartphone_usage,,"Anxiety surveys, memory task, app/keyboard usage"
